product_id,product_category,product_name,unit_cost,list_price,weight_g
1,housewares,Housewares Item 1,242.65,321.36,8120
2,home_furniture,Home Furniture Item 2,1252.46,1601.19,496
3,beauty_health,Beauty Health Item 3,165.67,234.74,11669
4,electronics,Electronics Item 4,1413.93,1677.69,14843
5,fashion_accessories,Fashion Accessories Item 5,132.28,199.1,6050
6,beauty_health,Beauty Health Item 6,68.13,94.38,2635
7,housewares,Housewares Item 7,430.76,566.44,10235
8,electronics,Electronics Item 8,2420.37,2885.84,12255
9,beauty_health,Beauty Health Item 9,189.45,271.9,12053
10,electronics,Electronics Item 10,274.71,327.87,11868
11,fashion_accessories,Fashion Accessories Item 11,45.86,70.35,1137
12,beauty_health,Beauty Health Item 12,56.43,80.22,11850
13,toys_baby,Toys Baby Item 13,376.76,464.75,3149
14,auto_parts,Auto Parts Item 14,1127.62,1391.35,2926
15,home_furniture,Home Furniture Item 15,1590.17,2105.01,3607
16,toys_baby,Toys Baby Item 16,351.74,443.74,12106
17,fashion_accessories,Fashion Accessories Item 17,92.81,147.61,1334
18,sports_leisure,Sports Leisure Item 18,193.81,243.19,3974
19,computers_tablets,Computers Tablets Item 19,1955.38,2153.08,4106
20,books_stationery,Books Stationery Item 20,146.89,173.3,5346
21,beauty_health,Beauty Health Item 21,74.91,106.26,8113
22,toys_baby,Toys Baby Item 22,197.27,244.94,8178
23,home_furniture,Home Furniture Item 23,1421.52,1793.47,420
24,beauty_health,Beauty Health Item 24,66.54,93.09,13383
25,auto_parts,Auto Parts Item 25,599.93,762.23,2008
26,home_furniture,Home Furniture Item 26,781.25,1027.27,14200
27,beauty_health,Beauty Health Item 27,14.44,20.75,7311
28,electronics,Electronics Item 28,293.83,335.72,14863
29,sports_leisure,Sports Leisure Item 29,537.62,693.38,11876
30,electronics,Electronics Item 30,1499.11,1792.6,5455
31,electronics,Electronics Item 31,2780.26,3336.64,8602
32,home_furniture,Home Furniture Item 32,301.76,396.39,12433
33,auto_parts,Auto Parts Item 33,184.28,228.03,12047
34,books_stationery,Books Stationery Item 34,147.95,174.65,2938
35,electronics,Electronics Item 35,252.42,298.96,8110
36,sports_leisure,Sports Leisure Item 36,658.95,848.17,8597
37,beauty_health,Beauty Health Item 37,184.24,261.81,11300
38,home_furniture,Home Furniture Item 38,1265.76,1648.76,6198
39,sports_leisure,Sports Leisure Item 39,283.35,347.33,8865
40,fashion_accessories,Fashion Accessories Item 40,30.12,47.83,12397
41,books_stationery,Books Stationery Item 41,145.26,165.52,384
42,fashion_accessories,Fashion Accessories Item 42,86.38,138.29,10674
43,electronics,Electronics Item 43,1742.33,2068.43,5354
44,electronics,Electronics Item 44,312.83,372.47,2770
45,auto_parts,Auto Parts Item 45,1043.93,1311.85,14314
46,electronics,Electronics Item 46,2349.48,2759.47,2843
47,books_stationery,Books Stationery Item 47,126.73,150.01,5805
48,sports_leisure,Sports Leisure Item 48,97.78,119.53,4641
49,sports_leisure,Sports Leisure Item 49,550.01,672.03,10128
50,housewares,Housewares Item 50,409.05,548.76,7802
51,electronics,Electronics Item 51,2107.61,2450.69,10072
52,auto_parts,Auto Parts Item 52,201.33,243.42,2572
53,toys_baby,Toys Baby Item 53,67.15,79.89,14300
54,toys_baby,Toys Baby Item 54,294.16,357.69,7744
55,books_stationery,Books Stationery Item 55,35.65,40.83,12738
56,toys_baby,Toys Baby Item 56,56.83,67.39,6697
57,electronics,Electronics Item 57,2848.4,3209.51,10217
58,toys_baby,Toys Baby Item 58,191.23,237.08,10941
59,toys_baby,Toys Baby Item 59,227.64,276.35,4174
60,home_furniture,Home Furniture Item 60,1073.24,1400.7,706
61,fashion_accessories,Fashion Accessories Item 61,63.86,97.17,3514
62,beauty_health,Beauty Health Item 62,143.97,204.89,14466
63,sports_leisure,Sports Leisure Item 63,239.03,299.26,2551
64,books_stationery,Books Stationery Item 64,58.71,67.18,4760
65,electronics,Electronics Item 65,1750.47,2020.6,8698
66,home_furniture,Home Furniture Item 66,643.35,794.77,10994
67,fashion_accessories,Fashion Accessories Item 67,48.63,75.49,6253
68,electronics,Electronics Item 68,2532.76,2963.97,11579
69,housewares,Housewares Item 69,453.01,596.85,6334
70,housewares,Housewares Item 70,42.87,58.29,10834
71,electronics,Electronics Item 71,2768.06,3267.85,9420
72,sports_leisure,Sports Leisure Item 72,118.45,150.25,8235
73,housewares,Housewares Item 73,360.37,470.29,7533
74,electronics,Electronics Item 74,927.51,1072.8,5982
75,beauty_health,Beauty Health Item 75,120.93,171.1,12593
76,computers_tablets,Computers Tablets Item 76,1400.43,1508.47,1327
77,housewares,Housewares Item 77,367.08,471.54,7994
78,computers_tablets,Computers Tablets Item 78,2459.67,2708.02,2753
79,beauty_health,Beauty Health Item 79,125.62,176.11,2825
80,sports_leisure,Sports Leisure Item 80,73.11,92.91,1498
81,fashion_accessories,Fashion Accessories Item 81,236.34,348.24,3838
82,electronics,Electronics Item 82,2601.05,3031.04,14863
83,electronics,Electronics Item 83,1016.14,1220.11,2698
84,housewares,Housewares Item 84,309.18,416.98,3734
85,toys_baby,Toys Baby Item 85,370.24,436.57,1060
86,electronics,Electronics Item 86,1849.89,2214.06,6744
87,auto_parts,Auto Parts Item 87,673.92,859.71,7496
88,fashion_accessories,Fashion Accessories Item 88,238.07,359.89,1163
89,fashion_accessories,Fashion Accessories Item 89,155.98,246.3,5802
90,fashion_accessories,Fashion Accessories Item 90,123.51,184.44,4132
91,home_furniture,Home Furniture Item 91,1494.65,1864.15,13372
92,home_furniture,Home Furniture Item 92,803.74,1000.47,9192
93,electronics,Electronics Item 93,461.12,547.01,2109
94,electronics,Electronics Item 94,199.86,239.26,13084
95,fashion_accessories,Fashion Accessories Item 95,72.61,111.19,4624
96,books_stationery,Books Stationery Item 96,27.54,31.65,8558
97,electronics,Electronics Item 97,171.51,193.98,12007
98,sports_leisure,Sports Leisure Item 98,349.03,425.07,599
99,housewares,Housewares Item 99,62.84,82.75,1096
100,beauty_health,Beauty Health Item 100,54.37,74.74,7521
101,electronics,Electronics Item 101,280.02,330.51,5541
102,electronics,Electronics Item 102,259.81,310.12,6016
103,auto_parts,Auto Parts Item 103,1146.45,1432.21,3368
104,books_stationery,Books Stationery Item 104,39.68,47.37,506
105,electronics,Electronics Item 105,1397.08,1607.57,14180
106,beauty_health,Beauty Health Item 106,84.17,119.49,7136
107,sports_leisure,Sports Leisure Item 107,381.64,466.71,9295
108,electronics,Electronics Item 108,693.84,816.53,14389
109,books_stationery,Books Stationery Item 109,110.82,127.29,13368
110,computers_tablets,Computers Tablets Item 110,2565.87,2805.01,7267
111,housewares,Housewares Item 111,210.77,273.35,5887
112,beauty_health,Beauty Health Item 112,113.51,166.89,11560
113,housewares,Housewares Item 113,24.08,31.01,4458
114,fashion_accessories,Fashion Accessories Item 114,122.08,184.59,5512
115,sports_leisure,Sports Leisure Item 115,50.75,61.44,2008
116,electronics,Electronics Item 116,1803.31,2121.52,2136
117,computers_tablets,Computers Tablets Item 117,453.95,512.9,4403
118,beauty_health,Beauty Health Item 118,116.04,172.29,1213
119,housewares,Housewares Item 119,255.71,346.49,11691
120,sports_leisure,Sports Leisure Item 120,225.56,271.82,4184
121,sports_leisure,Sports Leisure Item 121,526.06,648.65,2920
122,electronics,Electronics Item 122,1887.78,2195.37,13335
123,beauty_health,Beauty Health Item 123,139.55,201.04,8241
124,computers_tablets,Computers Tablets Item 124,2280.11,2551.5,8174
125,sports_leisure,Sports Leisure Item 125,488.64,597.3,9771
126,fashion_accessories,Fashion Accessories Item 126,45.92,70.1,9979
127,beauty_health,Beauty Health Item 127,71.9,101.93,6358
128,auto_parts,Auto Parts Item 128,198.79,248.21,904
129,beauty_health,Beauty Health Item 129,128.64,179.89,13713
130,home_furniture,Home Furniture Item 130,609.91,763.32,12174
131,toys_baby,Toys Baby Item 131,219.77,269.81,4836
132,beauty_health,Beauty Health Item 132,184.56,275.35,7408
133,books_stationery,Books Stationery Item 133,22.75,27.39,4427
134,home_furniture,Home Furniture Item 134,745.66,993.27,10918
135,electronics,Electronics Item 135,769.91,868.05,7648
136,housewares,Housewares Item 136,256.71,333.52,1558
137,fashion_accessories,Fashion Accessories Item 137,217.97,340.39,10901
138,electronics,Electronics Item 138,2421.39,2840.89,1657
139,housewares,Housewares Item 139,405.85,543.12,13193
140,electronics,Electronics Item 140,1176.37,1387.41,10179
141,beauty_health,Beauty Health Item 141,126.4,186.73,12880
142,beauty_health,Beauty Health Item 142,184.07,272.23,1468
143,auto_parts,Auto Parts Item 143,1135.9,1444.9,8906
144,beauty_health,Beauty Health Item 144,131.51,184.54,10937
145,beauty_health,Beauty Health Item 145,168.57,248.29,9055
146,computers_tablets,Computers Tablets Item 146,4920.49,5396.73,2364
147,home_furniture,Home Furniture Item 147,252.25,334.91,14574
148,fashion_accessories,Fashion Accessories Item 148,135.76,217.43,9456
149,auto_parts,Auto Parts Item 149,1178.73,1459.6,288
150,beauty_health,Beauty Health Item 150,27.16,37.28,8948
151,electronics,Electronics Item 151,1498.27,1738.93,1635
152,housewares,Housewares Item 152,95.55,124.3,9331
153,electronics,Electronics Item 153,1897.74,2145.53,10716
154,sports_leisure,Sports Leisure Item 154,674.14,843.37,8286
155,sports_leisure,Sports Leisure Item 155,428.64,547.77,9928
156,sports_leisure,Sports Leisure Item 156,416.92,521.33,7691
157,toys_baby,Toys Baby Item 157,167.61,211.25,11081
158,computers_tablets,Computers Tablets Item 158,2693.17,3019.67,4476
159,electronics,Electronics Item 159,1133.59,1338.05,4337
160,computers_tablets,Computers Tablets Item 160,719.77,804.09,1943
161,fashion_accessories,Fashion Accessories Item 161,25.99,41.51,10623
162,home_furniture,Home Furniture Item 162,856.9,1113.51,13346
163,toys_baby,Toys Baby Item 163,240.82,290.14,6283
164,fashion_accessories,Fashion Accessories Item 164,206.9,317.14,13172
165,housewares,Housewares Item 165,298.1,402.01,3077
166,fashion_accessories,Fashion Accessories Item 166,27.0,41.94,7008
167,toys_baby,Toys Baby Item 167,129.69,159.44,6387
168,beauty_health,Beauty Health Item 168,149.4,221.7,7133
169,electronics,Electronics Item 169,1453.04,1667.75,1161
170,beauty_health,Beauty Health Item 170,44.59,62.83,6423
171,home_furniture,Home Furniture Item 171,1703.68,2160.2,12552
172,home_furniture,Home Furniture Item 172,1123.79,1416.27,9057
173,electronics,Electronics Item 173,1568.67,1833.49,13032
174,books_stationery,Books Stationery Item 174,54.95,64.19,11514
175,beauty_health,Beauty Health Item 175,129.98,191.94,2352
176,auto_parts,Auto Parts Item 176,501.52,610.93,12435
177,beauty_health,Beauty Health Item 177,136.86,188.54,461
178,sports_leisure,Sports Leisure Item 178,76.76,94.53,3613
179,auto_parts,Auto Parts Item 179,152.17,196.03,11974
180,home_furniture,Home Furniture Item 180,1112.42,1481.7,10587
181,housewares,Housewares Item 181,435.97,599.18,11810
182,fashion_accessories,Fashion Accessories Item 182,73.12,112.24,6778
183,computers_tablets,Computers Tablets Item 183,1958.2,2247.86,817
184,computers_tablets,Computers Tablets Item 184,1916.43,2130.94,6663
185,fashion_accessories,Fashion Accessories Item 185,228.22,336.27,2812
186,fashion_accessories,Fashion Accessories Item 186,243.55,383.56,8219
187,home_furniture,Home Furniture Item 187,276.7,344.09,5308
188,sports_leisure,Sports Leisure Item 188,623.31,790.82,4582
189,electronics,Electronics Item 189,1775.2,2050.18,1135
190,beauty_health,Beauty Health Item 190,153.69,227.29,12347
191,electronics,Electronics Item 191,1592.43,1877.89,9841
192,beauty_health,Beauty Health Item 192,159.78,230.84,9057
193,beauty_health,Beauty Health Item 193,200.05,274.11,6665
194,beauty_health,Beauty Health Item 194,126.24,174.32,1404
195,beauty_health,Beauty Health Item 195,92.25,135.84,1813
196,books_stationery,Books Stationery Item 196,143.54,170.35,6563
197,sports_leisure,Sports Leisure Item 197,681.31,854.58,10200
198,sports_leisure,Sports Leisure Item 198,442.55,570.97,11550
199,auto_parts,Auto Parts Item 199,485.14,611.87,7314
200,fashion_accessories,Fashion Accessories Item 200,138.9,215.02,11383
201,computers_tablets,Computers Tablets Item 201,741.03,814.69,4379
202,auto_parts,Auto Parts Item 202,1001.76,1211.26,2133
203,sports_leisure,Sports Leisure Item 203,521.88,661.25,1059
204,housewares,Housewares Item 204,340.72,473.01,4136
205,toys_baby,Toys Baby Item 205,166.68,206.21,5855
206,electronics,Electronics Item 206,1504.07,1739.51,12030
207,electronics,Electronics Item 207,2520.84,2938.96,12736
208,beauty_health,Beauty Health Item 208,92.02,130.57,4172
209,fashion_accessories,Fashion Accessories Item 209,195.69,291.01,8532
210,beauty_health,Beauty Health Item 210,77.55,111.74,6309
211,beauty_health,Beauty Health Item 211,23.44,33.76,10771
212,beauty_health,Beauty Health Item 212,175.14,245.96,9608
213,home_furniture,Home Furniture Item 213,135.52,179.55,6244
214,toys_baby,Toys Baby Item 214,123.46,155.14,14215
215,beauty_health,Beauty Health Item 215,99.26,141.77,919
216,fashion_accessories,Fashion Accessories Item 216,126.3,188.43,13538
217,books_stationery,Books Stationery Item 217,61.95,72.49,6066
218,beauty_health,Beauty Health Item 218,100.52,144.07,578
219,beauty_health,Beauty Health Item 219,170.12,239.1,5325
220,auto_parts,Auto Parts Item 220,250.01,312.66,10071
221,electronics,Electronics Item 221,493.39,588.37,6154
222,home_furniture,Home Furniture Item 222,737.86,937.41,2243
223,housewares,Housewares Item 223,95.8,126.91,11578
224,fashion_accessories,Fashion Accessories Item 224,42.15,65.65,9990
225,sports_leisure,Sports Leisure Item 225,195.83,236.86,11483
226,computers_tablets,Computers Tablets Item 226,2394.65,2725.33,2040
227,home_furniture,Home Furniture Item 227,529.19,703.52,13177
228,beauty_health,Beauty Health Item 228,203.38,290.01,10858
229,beauty_health,Beauty Health Item 229,90.55,132.35,10147
230,electronics,Electronics Item 230,215.08,242.96,4702
231,toys_baby,Toys Baby Item 231,59.97,72.46,14055
232,beauty_health,Beauty Health Item 232,200.9,287.83,8571
233,sports_leisure,Sports Leisure Item 233,741.94,894.3,14918
234,auto_parts,Auto Parts Item 234,41.74,52.07,8558
235,auto_parts,Auto Parts Item 235,590.13,737.36,9255
236,electronics,Electronics Item 236,2709.22,3079.97,9857
237,housewares,Housewares Item 237,165.0,227.85,14800
238,electronics,Electronics Item 238,2448.48,2836.41,11868
239,fashion_accessories,Fashion Accessories Item 239,82.88,123.67,13403
240,fashion_accessories,Fashion Accessories Item 240,54.02,80.23,2797
241,electronics,Electronics Item 241,1683.62,1921.35,12547
242,housewares,Housewares Item 242,164.75,218.45,11510
243,beauty_health,Beauty Health Item 243,87.69,128.04,887
244,beauty_health,Beauty Health Item 244,80.41,118.1,2865
245,fashion_accessories,Fashion Accessories Item 245,80.67,124.27,5175
246,electronics,Electronics Item 246,2036.27,2400.36,3910
247,beauty_health,Beauty Health Item 247,188.42,266.02,12427
248,auto_parts,Auto Parts Item 248,351.52,424.48,7132
249,home_furniture,Home Furniture Item 249,1160.77,1463.98,7754
250,fashion_accessories,Fashion Accessories Item 250,53.2,79.62,14518
251,electronics,Electronics Item 251,543.55,618.81,11780
252,auto_parts,Auto Parts Item 252,358.7,449.63,12639
253,toys_baby,Toys Baby Item 253,395.76,489.15,10271
254,toys_baby,Toys Baby Item 254,404.94,492.06,14864
255,books_stationery,Books Stationery Item 255,135.33,156.37,4908
256,sports_leisure,Sports Leisure Item 256,511.31,623.53,2880
257,electronics,Electronics Item 257,2618.48,3056.49,6317
258,toys_baby,Toys Baby Item 258,329.86,414.33,5893
259,toys_baby,Toys Baby Item 259,284.5,336.15,13973
260,electronics,Electronics Item 260,2310.8,2776.53,13644
261,electronics,Electronics Item 261,1066.54,1251.99,643
262,fashion_accessories,Fashion Accessories Item 262,247.18,397.87,5424
263,toys_baby,Toys Baby Item 263,222.06,263.94,10325
264,computers_tablets,Computers Tablets Item 264,2003.65,2186.84,5106
265,electronics,Electronics Item 265,2534.54,3023.76,13007
266,sports_leisure,Sports Leisure Item 266,106.78,129.3,14396
267,fashion_accessories,Fashion Accessories Item 267,134.42,202.81,14927
268,electronics,Electronics Item 268,1307.22,1573.7,4668
269,home_furniture,Home Furniture Item 269,1523.09,2023.59,4386
270,fashion_accessories,Fashion Accessories Item 270,29.2,45.06,13525
271,beauty_health,Beauty Health Item 271,88.04,121.26,9975
272,sports_leisure,Sports Leisure Item 272,334.54,427.29,1855
273,electronics,Electronics Item 273,2068.5,2448.91,13214
274,toys_baby,Toys Baby Item 274,143.81,177.24,2120
275,home_furniture,Home Furniture Item 275,817.11,1047.77,10930
276,home_furniture,Home Furniture Item 276,961.83,1222.4,10292
277,beauty_health,Beauty Health Item 277,96.69,139.16,8529
278,books_stationery,Books Stationery Item 278,149.05,178.69,9911
279,electronics,Electronics Item 279,3029.14,3477.25,9582
280,toys_baby,Toys Baby Item 280,356.74,422.82,13858
281,beauty_health,Beauty Health Item 281,41.39,58.51,696
282,housewares,Housewares Item 282,374.73,519.87,8954
283,toys_baby,Toys Baby Item 283,172.09,206.14,4487
284,electronics,Electronics Item 284,713.12,832.51,3809
285,sports_leisure,Sports Leisure Item 285,146.82,179.95,9406
286,books_stationery,Books Stationery Item 286,37.49,42.93,10685
287,sports_leisure,Sports Leisure Item 287,379.02,469.97,13484
288,home_furniture,Home Furniture Item 288,1554.05,1948.91,2924
289,beauty_health,Beauty Health Item 289,119.31,164.11,9571
290,beauty_health,Beauty Health Item 290,57.26,79.39,833
291,housewares,Housewares Item 291,21.94,28.64,14664
292,electronics,Electronics Item 292,310.11,361.15,7658
293,fashion_accessories,Fashion Accessories Item 293,42.51,67.98,8421
294,housewares,Housewares Item 294,266.55,366.18,13240
295,sports_leisure,Sports Leisure Item 295,538.69,654.78,9074
296,electronics,Electronics Item 296,988.96,1139.83,13155
297,electronics,Electronics Item 297,301.98,356.73,14808
298,beauty_health,Beauty Health Item 298,193.48,280.0,10604
299,auto_parts,Auto Parts Item 299,703.68,896.76,12980
300,beauty_health,Beauty Health Item 300,94.47,137.92,14128
301,beauty_health,Beauty Health Item 301,41.75,58.71,6795
302,housewares,Housewares Item 302,263.89,361.45,13045
303,electronics,Electronics Item 303,137.25,162.23,376
304,beauty_health,Beauty Health Item 304,155.56,230.45,157
305,fashion_accessories,Fashion Accessories Item 305,206.24,330.84,12260
306,beauty_health,Beauty Health Item 306,103.39,142.51,420
307,computers_tablets,Computers Tablets Item 307,508.64,562.64,14794
308,sports_leisure,Sports Leisure Item 308,332.26,402.99,313
309,computers_tablets,Computers Tablets Item 309,2305.69,2540.03,14313
310,electronics,Electronics Item 310,379.89,452.49,3783
311,auto_parts,Auto Parts Item 311,25.97,32.33,5407
312,electronics,Electronics Item 312,1842.34,2207.3,9790
313,fashion_accessories,Fashion Accessories Item 313,174.1,256.98,10179
314,electronics,Electronics Item 314,2313.26,2739.57,7143
315,fashion_accessories,Fashion Accessories Item 315,65.23,100.86,6291
316,beauty_health,Beauty Health Item 316,123.92,178.89,2710
317,fashion_accessories,Fashion Accessories Item 317,133.89,197.17,3935
318,beauty_health,Beauty Health Item 318,123.16,176.25,10508
319,beauty_health,Beauty Health Item 319,102.08,152.29,10920
320,sports_leisure,Sports Leisure Item 320,588.0,712.17,601
321,fashion_accessories,Fashion Accessories Item 321,165.12,246.76,7530
322,housewares,Housewares Item 322,254.33,350.22,482
323,toys_baby,Toys Baby Item 323,116.66,137.46,1525
324,electronics,Electronics Item 324,2618.54,3101.95,5973
325,beauty_health,Beauty Health Item 325,202.44,289.75,9259
326,housewares,Housewares Item 326,99.98,128.33,1388
327,beauty_health,Beauty Health Item 327,14.57,21.64,14801
328,beauty_health,Beauty Health Item 328,189.72,281.67,12944
329,beauty_health,Beauty Health Item 329,81.05,113.97,2029
330,beauty_health,Beauty Health Item 330,101.73,147.94,11093
331,toys_baby,Toys Baby Item 331,212.45,256.93,3129
332,books_stationery,Books Stationery Item 332,27.6,32.87,13777
333,sports_leisure,Sports Leisure Item 333,135.55,164.4,11778
334,sports_leisure,Sports Leisure Item 334,681.97,848.37,3000
335,home_furniture,Home Furniture Item 335,1061.62,1358.7,8492
336,beauty_health,Beauty Health Item 336,99.34,145.8,14544
337,auto_parts,Auto Parts Item 337,1045.81,1329.3,6103
338,fashion_accessories,Fashion Accessories Item 338,46.95,74.46,5778
339,toys_baby,Toys Baby Item 339,161.68,202.1,843
340,fashion_accessories,Fashion Accessories Item 340,213.36,317.31,13943
341,beauty_health,Beauty Health Item 341,37.53,55.37,8241
342,housewares,Housewares Item 342,336.48,431.98,12131
343,electronics,Electronics Item 343,1988.29,2267.6,11636
344,computers_tablets,Computers Tablets Item 344,2302.04,2637.05,7626
345,home_furniture,Home Furniture Item 345,1454.77,1833.84,14264
346,beauty_health,Beauty Health Item 346,50.23,69.74,9274
347,sports_leisure,Sports Leisure Item 347,623.97,803.18,4687
348,electronics,Electronics Item 348,384.75,448.01,13482
349,beauty_health,Beauty Health Item 349,46.47,65.06,7515
350,home_furniture,Home Furniture Item 350,289.48,368.85,6481
351,auto_parts,Auto Parts Item 351,640.28,827.1,12755
352,fashion_accessories,Fashion Accessories Item 352,139.05,205.55,5857
353,auto_parts,Auto Parts Item 353,763.61,972.98,1066
354,electronics,Electronics Item 354,1724.66,2074.11,10101
355,home_furniture,Home Furniture Item 355,809.77,1063.3,13473
356,sports_leisure,Sports Leisure Item 356,250.07,310.89,12347
357,housewares,Housewares Item 357,345.96,451.44,13484
358,housewares,Housewares Item 358,201.35,275.54,2330
359,home_furniture,Home Furniture Item 359,120.54,149.6,7148
360,sports_leisure,Sports Leisure Item 360,518.76,625.22,8027
361,home_furniture,Home Furniture Item 361,1175.18,1565.4,1519
362,housewares,Housewares Item 362,268.67,352.92,11755
363,fashion_accessories,Fashion Accessories Item 363,85.16,134.89,2407
364,books_stationery,Books Stationery Item 364,95.4,111.55,9198
365,beauty_health,Beauty Health Item 365,184.96,262.26,2254
366,sports_leisure,Sports Leisure Item 366,224.43,279.96,1993
367,fashion_accessories,Fashion Accessories Item 367,186.58,299.76,13093
368,toys_baby,Toys Baby Item 368,367.75,464.71,3412
369,books_stationery,Books Stationery Item 369,144.4,165.02,14873
370,books_stationery,Books Stationery Item 370,138.78,158.09,5544
371,electronics,Electronics Item 371,1137.62,1328.51,10106
372,fashion_accessories,Fashion Accessories Item 372,190.41,281.73,14721
373,fashion_accessories,Fashion Accessories Item 373,246.27,389.06,12033
374,fashion_accessories,Fashion Accessories Item 374,76.74,121.01,13598
375,home_furniture,Home Furniture Item 375,1543.59,1927.28,8782
376,electronics,Electronics Item 376,2525.24,3037.85,7233
377,electronics,Electronics Item 377,1394.89,1588.04,9077
378,home_furniture,Home Furniture Item 378,1273.16,1601.63,5008
379,computers_tablets,Computers Tablets Item 379,2843.37,3169.26,2997
380,fashion_accessories,Fashion Accessories Item 380,69.0,110.44,13171
381,computers_tablets,Computers Tablets Item 381,5311.82,5823.57,2359
382,beauty_health,Beauty Health Item 382,81.87,112.64,13474
383,beauty_health,Beauty Health Item 383,70.87,97.48,5999
384,beauty_health,Beauty Health Item 384,82.64,113.96,6605
385,home_furniture,Home Furniture Item 385,978.42,1276.89,259
386,sports_leisure,Sports Leisure Item 386,409.15,505.12,12644
387,fashion_accessories,Fashion Accessories Item 387,26.29,40.94,5170
388,toys_baby,Toys Baby Item 388,277.89,341.39,14673
389,home_furniture,Home Furniture Item 389,1572.56,2096.21,7680
390,books_stationery,Books Stationery Item 390,165.39,189.16,11350
391,electronics,Electronics Item 391,1090.89,1250.59,7393
392,toys_baby,Toys Baby Item 392,40.91,50.64,2855
393,sports_leisure,Sports Leisure Item 393,308.59,389.27,3930
394,fashion_accessories,Fashion Accessories Item 394,245.63,369.97,1462
395,toys_baby,Toys Baby Item 395,397.53,499.15,11025
396,electronics,Electronics Item 396,1408.18,1616.42,13107
397,computers_tablets,Computers Tablets Item 397,2038.4,2336.86,273
398,home_furniture,Home Furniture Item 398,734.97,965.48,931
399,electronics,Electronics Item 399,457.71,521.83,11887
400,computers_tablets,Computers Tablets Item 400,4970.55,5467.08,13173
401,sports_leisure,Sports Leisure Item 401,513.33,630.3,10482
402,computers_tablets,Computers Tablets Item 402,2021.41,2236.77,818
403,auto_parts,Auto Parts Item 403,590.98,753.7,11637
404,home_furniture,Home Furniture Item 404,273.92,353.77,911
405,computers_tablets,Computers Tablets Item 405,3880.17,4337.29,6099
406,sports_leisure,Sports Leisure Item 406,652.21,825.57,13686
407,electronics,Electronics Item 407,158.19,182.57,11200
408,sports_leisure,Sports Leisure Item 408,684.94,874.06,299
409,home_furniture,Home Furniture Item 409,1591.49,1982.2,4645
410,fashion_accessories,Fashion Accessories Item 410,236.26,376.63,7119
411,electronics,Electronics Item 411,1828.64,2198.78,4756
412,electronics,Electronics Item 412,1677.71,1968.25,1636
413,auto_parts,Auto Parts Item 413,1203.36,1486.01,10182
414,sports_leisure,Sports Leisure Item 414,151.38,189.87,5770
415,books_stationery,Books Stationery Item 415,51.51,60.07,9391
416,fashion_accessories,Fashion Accessories Item 416,27.67,42.14,644
417,electronics,Electronics Item 417,2891.51,3378.58,9563
418,electronics,Electronics Item 418,183.46,214.39,14990
419,housewares,Housewares Item 419,40.42,54.1,11849
420,fashion_accessories,Fashion Accessories Item 420,78.24,123.54,14770
421,home_furniture,Home Furniture Item 421,869.75,1095.44,11244
422,electronics,Electronics Item 422,2745.42,3130.71,3275
423,beauty_health,Beauty Health Item 423,70.15,100.91,6243
424,housewares,Housewares Item 424,24.13,31.9,7611
425,fashion_accessories,Fashion Accessories Item 425,230.02,343.02,5475
426,electronics,Electronics Item 426,598.2,688.28,281
427,electronics,Electronics Item 427,747.49,861.93,4279
428,electronics,Electronics Item 428,1274.71,1460.4,7626
429,beauty_health,Beauty Health Item 429,51.9,71.46,3160
430,sports_leisure,Sports Leisure Item 430,417.09,532.51,3685
431,books_stationery,Books Stationery Item 431,59.6,71.93,1242
432,electronics,Electronics Item 432,2385.72,2787.97,10637
433,computers_tablets,Computers Tablets Item 433,2404.92,2704.0,5935
434,home_furniture,Home Furniture Item 434,1076.67,1430.88,9205
435,computers_tablets,Computers Tablets Item 435,2938.04,3209.49,2581
436,housewares,Housewares Item 436,66.35,87.66,7375
437,home_furniture,Home Furniture Item 437,277.97,368.49,4713
438,computers_tablets,Computers Tablets Item 438,1923.12,2206.72,7579
439,fashion_accessories,Fashion Accessories Item 439,228.56,353.67,13042
440,auto_parts,Auto Parts Item 440,539.7,693.19,14201
441,home_furniture,Home Furniture Item 441,338.86,442.5,12733
442,fashion_accessories,Fashion Accessories Item 442,59.47,87.81,13914
443,home_furniture,Home Furniture Item 443,1137.56,1502.6,13163
444,electronics,Electronics Item 444,2135.34,2475.62,5895
445,beauty_health,Beauty Health Item 445,29.33,41.77,7691
446,housewares,Housewares Item 446,326.77,423.04,14965
447,beauty_health,Beauty Health Item 447,32.23,45.43,2755
448,home_furniture,Home Furniture Item 448,1355.41,1674.1,3197
449,fashion_accessories,Fashion Accessories Item 449,258.87,384.04,13129
450,sports_leisure,Sports Leisure Item 450,502.03,607.82,14958
451,computers_tablets,Computers Tablets Item 451,4294.14,4778.36,8109
452,toys_baby,Toys Baby Item 452,286.47,351.04,7206
453,electronics,Electronics Item 453,453.86,525.42,8874
454,fashion_accessories,Fashion Accessories Item 454,156.18,231.34,9742
455,housewares,Housewares Item 455,263.27,350.01,7807
456,home_furniture,Home Furniture Item 456,1215.55,1544.35,8566
457,electronics,Electronics Item 457,264.62,318.65,5665
458,computers_tablets,Computers Tablets Item 458,2677.73,3028.88,11558
459,sports_leisure,Sports Leisure Item 459,179.92,225.71,6251
460,sports_leisure,Sports Leisure Item 460,134.1,172.93,7957
461,computers_tablets,Computers Tablets Item 461,4458.58,4881.12,14551
462,fashion_accessories,Fashion Accessories Item 462,30.36,45.03,8519
463,electronics,Electronics Item 463,2213.76,2569.98,119
464,electronics,Electronics Item 464,1703.23,1996.52,8892
465,electronics,Electronics Item 465,2705.0,3254.18,2316
466,sports_leisure,Sports Leisure Item 466,141.56,173.72,4645
467,fashion_accessories,Fashion Accessories Item 467,253.26,395.28,12079
468,electronics,Electronics Item 468,2283.78,2660.18,1897
469,electronics,Electronics Item 469,2841.43,3412.69,9558
470,sports_leisure,Sports Leisure Item 470,173.18,208.8,2173
471,toys_baby,Toys Baby Item 471,315.05,374.02,10488
472,home_furniture,Home Furniture Item 472,141.33,187.5,11501
473,home_furniture,Home Furniture Item 473,1513.72,1887.04,7291
474,beauty_health,Beauty Health Item 474,186.47,258.14,14449
475,electronics,Electronics Item 475,1229.11,1399.32,14821
476,books_stationery,Books Stationery Item 476,34.25,39.17,5596
477,housewares,Housewares Item 477,193.71,256.15,147
478,toys_baby,Toys Baby Item 478,345.68,416.82,13093
479,sports_leisure,Sports Leisure Item 479,678.26,844.02,7630
480,fashion_accessories,Fashion Accessories Item 480,245.2,363.66,8902
481,home_furniture,Home Furniture Item 481,1313.37,1707.96,10778
482,home_furniture,Home Furniture Item 482,1058.43,1348.22,14574
483,housewares,Housewares Item 483,455.56,587.4,4991
484,fashion_accessories,Fashion Accessories Item 484,159.0,253.04,2707
485,beauty_health,Beauty Health Item 485,206.2,287.62,12964
486,electronics,Electronics Item 486,815.94,980.6,8967
487,housewares,Housewares Item 487,44.49,58.79,2757
488,home_furniture,Home Furniture Item 488,191.03,252.06,2041
489,fashion_accessories,Fashion Accessories Item 489,20.47,30.25,6749
490,beauty_health,Beauty Health Item 490,83.72,123.2,13886
491,auto_parts,Auto Parts Item 491,469.91,608.09,14468
492,computers_tablets,Computers Tablets Item 492,2205.76,2484.04,2606
493,electronics,Electronics Item 493,1616.39,1865.69,6025
494,electronics,Electronics Item 494,1768.4,2097.07,12932
495,home_furniture,Home Furniture Item 495,1152.42,1470.78,7169
496,fashion_accessories,Fashion Accessories Item 496,65.26,98.63,12719
497,home_furniture,Home Furniture Item 497,436.78,556.41,239
498,fashion_accessories,Fashion Accessories Item 498,168.62,251.69,3209
499,electronics,Electronics Item 499,631.42,715.96,14551
500,housewares,Housewares Item 500,51.48,71.31,4289
501,home_furniture,Home Furniture Item 501,762.61,951.18,13678
502,toys_baby,Toys Baby Item 502,385.41,471.9,5352
503,fashion_accessories,Fashion Accessories Item 503,52.25,81.74,14028
504,beauty_health,Beauty Health Item 504,195.12,268.16,12141
505,beauty_health,Beauty Health Item 505,199.32,296.17,10220
506,electronics,Electronics Item 506,1935.62,2236.3,10577
507,home_furniture,Home Furniture Item 507,562.67,739.61,1486
508,sports_leisure,Sports Leisure Item 508,428.59,530.97,3714
509,home_furniture,Home Furniture Item 509,635.18,798.33,2295
510,toys_baby,Toys Baby Item 510,401.67,482.14,7651
511,auto_parts,Auto Parts Item 511,245.97,304.39,1043
512,fashion_accessories,Fashion Accessories Item 512,75.47,113.44,3414
513,auto_parts,Auto Parts Item 513,63.93,81.06,1370
514,electronics,Electronics Item 514,2471.5,2945.42,8767
515,beauty_health,Beauty Health Item 515,18.69,27.84,4475
516,fashion_accessories,Fashion Accessories Item 516,127.32,200.09,11402
517,beauty_health,Beauty Health Item 517,67.61,95.2,7530
518,fashion_accessories,Fashion Accessories Item 518,185.96,292.04,4495
519,toys_baby,Toys Baby Item 519,375.89,472.8,5596
520,auto_parts,Auto Parts Item 520,456.67,559.92,6173
521,beauty_health,Beauty Health Item 521,212.35,297.52,6435
522,computers_tablets,Computers Tablets Item 522,3319.92,3689.49,13320
523,electronics,Electronics Item 523,741.22,848.88,1395
524,home_furniture,Home Furniture Item 524,554.24,685.37,11531
525,computers_tablets,Computers Tablets Item 525,3116.93,3564.31,10230
526,computers_tablets,Computers Tablets Item 526,1892.21,2046.19,5698
527,home_furniture,Home Furniture Item 527,742.21,926.09,12986
528,computers_tablets,Computers Tablets Item 528,3245.54,3581.58,13932
529,beauty_health,Beauty Health Item 529,34.81,51.6,321
530,beauty_health,Beauty Health Item 530,212.66,294.63,6128
531,books_stationery,Books Stationery Item 531,108.12,123.87,3075
532,fashion_accessories,Fashion Accessories Item 532,248.51,374.92,11039
533,auto_parts,Auto Parts Item 533,784.24,986.48,4160
534,books_stationery,Books Stationery Item 534,37.73,44.12,2006
535,fashion_accessories,Fashion Accessories Item 535,95.11,143.78,11870
536,books_stationery,Books Stationery Item 536,84.47,98.77,10877
537,books_stationery,Books Stationery Item 537,46.72,56.81,11252
538,computers_tablets,Computers Tablets Item 538,419.72,470.93,12074
539,electronics,Electronics Item 539,2773.82,3299.49,2836
540,home_furniture,Home Furniture Item 540,263.88,334.92,9094
541,beauty_health,Beauty Health Item 541,192.62,276.52,5315
542,home_furniture,Home Furniture Item 542,638.33,849.03,4677
543,toys_baby,Toys Baby Item 543,86.6,108.7,8381
544,books_stationery,Books Stationery Item 544,52.3,63.06,10757
545,computers_tablets,Computers Tablets Item 545,2898.02,3138.92,3278
546,sports_leisure,Sports Leisure Item 546,142.95,180.7,13467
547,sports_leisure,Sports Leisure Item 547,511.14,634.69,5694
548,housewares,Housewares Item 548,380.11,495.81,7386
549,beauty_health,Beauty Health Item 549,40.13,56.98,11273
550,fashion_accessories,Fashion Accessories Item 550,62.33,95.61,1926
551,fashion_accessories,Fashion Accessories Item 551,30.4,48.23,12604
552,sports_leisure,Sports Leisure Item 552,284.93,347.11,7297
553,computers_tablets,Computers Tablets Item 553,575.7,658.43,6120
554,fashion_accessories,Fashion Accessories Item 554,136.41,219.68,695
555,electronics,Electronics Item 555,552.77,659.14,3019
556,toys_baby,Toys Baby Item 556,47.15,56.21,7687
557,sports_leisure,Sports Leisure Item 557,701.86,853.01,533
558,sports_leisure,Sports Leisure Item 558,186.94,234.97,13072
559,electronics,Electronics Item 559,2724.18,3226.88,8768
560,books_stationery,Books Stationery Item 560,121.95,143.41,2794
561,computers_tablets,Computers Tablets Item 561,1314.02,1431.22,10297
562,fashion_accessories,Fashion Accessories Item 562,188.8,290.95,6502
563,home_furniture,Home Furniture Item 563,1244.65,1608.19,3155
564,beauty_health,Beauty Health Item 564,137.89,196.73,4132
565,fashion_accessories,Fashion Accessories Item 565,183.3,294.68,5871
566,housewares,Housewares Item 566,383.33,518.69,3944
567,home_furniture,Home Furniture Item 567,307.09,399.65,13447
568,beauty_health,Beauty Health Item 568,155.08,215.81,8655
569,sports_leisure,Sports Leisure Item 569,154.34,189.9,14073
570,beauty_health,Beauty Health Item 570,144.86,214.18,13724
571,home_furniture,Home Furniture Item 571,666.31,830.56,7034
572,fashion_accessories,Fashion Accessories Item 572,133.8,215.23,7792
573,fashion_accessories,Fashion Accessories Item 573,236.3,365.27,7622
574,electronics,Electronics Item 574,664.01,777.92,13009
575,auto_parts,Auto Parts Item 575,901.79,1153.8,13694
576,housewares,Housewares Item 576,186.6,241.06,8150
577,electronics,Electronics Item 577,1284.03,1478.03,13949
578,auto_parts,Auto Parts Item 578,1201.57,1471.31,9246
579,sports_leisure,Sports Leisure Item 579,478.0,583.62,1568
580,auto_parts,Auto Parts Item 580,590.46,754.7,10426
581,fashion_accessories,Fashion Accessories Item 581,192.83,290.29,14182
582,home_furniture,Home Furniture Item 582,744.82,933.38,7351
583,books_stationery,Books Stationery Item 583,34.04,39.24,3650
584,auto_parts,Auto Parts Item 584,1211.08,1474.23,2744
585,computers_tablets,Computers Tablets Item 585,2852.02,3197.64,12459
586,sports_leisure,Sports Leisure Item 586,211.95,258.23,9278
587,auto_parts,Auto Parts Item 587,1027.96,1291.35,11853
588,housewares,Housewares Item 588,441.32,594.67,3116
589,home_furniture,Home Furniture Item 589,1659.17,2111.71,6277
590,home_furniture,Home Furniture Item 590,1473.44,1963.47,5630
591,home_furniture,Home Furniture Item 591,1111.99,1470.91,4068
592,housewares,Housewares Item 592,286.24,388.55,14263
593,books_stationery,Books Stationery Item 593,22.99,27.33,8809
594,electronics,Electronics Item 594,1246.24,1479.35,4618
595,electronics,Electronics Item 595,810.63,941.65,5265
596,home_furniture,Home Furniture Item 596,1001.39,1264.85,2099
597,sports_leisure,Sports Leisure Item 597,264.18,318.6,10913
598,electronics,Electronics Item 598,2414.72,2745.47,10931
599,electronics,Electronics Item 599,2361.94,2778.23,3855
600,beauty_health,Beauty Health Item 600,153.06,221.63,6426
601,electronics,Electronics Item 601,2188.26,2597.17,837
602,fashion_accessories,Fashion Accessories Item 602,80.6,119.29,2955
603,computers_tablets,Computers Tablets Item 603,3686.28,4060.22,7114
604,auto_parts,Auto Parts Item 604,349.51,423.47,12657
605,computers_tablets,Computers Tablets Item 605,2035.28,2250.66,377
606,beauty_health,Beauty Health Item 606,144.47,207.75,6259
607,sports_leisure,Sports Leisure Item 607,179.91,221.91,9064
608,beauty_health,Beauty Health Item 608,178.23,245.36,13263
609,electronics,Electronics Item 609,532.95,609.24,7220
610,auto_parts,Auto Parts Item 610,833.99,1010.0,14302
611,sports_leisure,Sports Leisure Item 611,96.43,122.64,1571
612,home_furniture,Home Furniture Item 612,187.81,235.38,4091
613,books_stationery,Books Stationery Item 613,77.83,94.55,6711
614,beauty_health,Beauty Health Item 614,125.54,178.63,695
615,beauty_health,Beauty Health Item 615,119.39,166.5,2802
616,fashion_accessories,Fashion Accessories Item 616,239.77,359.95,13172
617,sports_leisure,Sports Leisure Item 617,577.62,702.62,10782
618,fashion_accessories,Fashion Accessories Item 618,203.37,311.74,5656
619,toys_baby,Toys Baby Item 619,394.91,482.82,7884
620,sports_leisure,Sports Leisure Item 620,327.54,401.51,10543
621,computers_tablets,Computers Tablets Item 621,5032.99,5662.02,14847
622,computers_tablets,Computers Tablets Item 622,3900.66,4249.92,9973
623,electronics,Electronics Item 623,2375.3,2729.38,3186
624,electronics,Electronics Item 624,1580.29,1866.86,9573
625,sports_leisure,Sports Leisure Item 625,161.42,196.25,848
626,home_furniture,Home Furniture Item 626,1043.31,1322.52,485
627,books_stationery,Books Stationery Item 627,89.98,104.96,4733
628,beauty_health,Beauty Health Item 628,99.66,147.71,7963
629,electronics,Electronics Item 629,279.73,317.3,9295
630,beauty_health,Beauty Health Item 630,73.73,105.73,12593
631,fashion_accessories,Fashion Accessories Item 631,113.21,175.34,9817
632,beauty_health,Beauty Health Item 632,71.84,106.66,6977
633,housewares,Housewares Item 633,184.99,243.68,11415
634,auto_parts,Auto Parts Item 634,330.3,407.69,477
635,fashion_accessories,Fashion Accessories Item 635,100.42,157.38,7804
636,home_furniture,Home Furniture Item 636,1045.22,1328.39,4562
637,beauty_health,Beauty Health Item 637,129.48,192.61,7331
638,electronics,Electronics Item 638,2659.95,3107.15,5967
639,electronics,Electronics Item 639,2175.3,2481.42,3473
640,electronics,Electronics Item 640,1200.58,1392.72,230
641,home_furniture,Home Furniture Item 641,657.45,821.5,2739
642,beauty_health,Beauty Health Item 642,147.11,208.84,3946
643,auto_parts,Auto Parts Item 643,1018.72,1284.39,8693
644,sports_leisure,Sports Leisure Item 644,414.81,521.25,5595
645,sports_leisure,Sports Leisure Item 645,276.35,339.87,10871
646,fashion_accessories,Fashion Accessories Item 646,90.41,136.95,4388
647,housewares,Housewares Item 647,431.88,566.42,3727
648,fashion_accessories,Fashion Accessories Item 648,82.1,121.52,14791
649,fashion_accessories,Fashion Accessories Item 649,45.53,70.49,9987
650,beauty_health,Beauty Health Item 650,165.15,230.83,11661
651,auto_parts,Auto Parts Item 651,326.04,409.96,4770
652,home_furniture,Home Furniture Item 652,1475.03,1947.55,4422
653,electronics,Electronics Item 653,2261.47,2692.89,11562
654,beauty_health,Beauty Health Item 654,44.29,60.91,5477
655,beauty_health,Beauty Health Item 655,38.4,55.93,11954
656,computers_tablets,Computers Tablets Item 656,5279.95,5933.46,8835
657,sports_leisure,Sports Leisure Item 657,635.09,798.81,4517
658,electronics,Electronics Item 658,564.29,678.27,14750
659,books_stationery,Books Stationery Item 659,85.38,97.43,2939
660,electronics,Electronics Item 660,1556.29,1753.77,5454
661,fashion_accessories,Fashion Accessories Item 661,226.98,344.36,4803
662,sports_leisure,Sports Leisure Item 662,577.2,714.56,7843
663,books_stationery,Books Stationery Item 663,32.83,39.4,710
664,home_furniture,Home Furniture Item 664,135.63,170.97,7191
665,housewares,Housewares Item 665,187.26,241.27,11954
666,sports_leisure,Sports Leisure Item 666,411.58,527.25,2417
667,computers_tablets,Computers Tablets Item 667,4881.66,5285.46,12859
668,electronics,Electronics Item 668,2249.22,2608.36,14165
669,fashion_accessories,Fashion Accessories Item 669,101.11,158.59,6516
670,home_furniture,Home Furniture Item 670,1015.28,1314.58,13855
671,beauty_health,Beauty Health Item 671,13.91,20.65,13308
672,electronics,Electronics Item 672,1816.73,2071.77,1226
673,fashion_accessories,Fashion Accessories Item 673,106.06,160.19,4349
674,toys_baby,Toys Baby Item 674,178.52,213.36,1287
675,home_furniture,Home Furniture Item 675,968.23,1229.12,14600
676,home_furniture,Home Furniture Item 676,1571.05,1967.33,6774
677,home_furniture,Home Furniture Item 677,1204.38,1501.99,14157
678,home_furniture,Home Furniture Item 678,584.23,737.26,4443
679,fashion_accessories,Fashion Accessories Item 679,183.98,271.01,3900
680,sports_leisure,Sports Leisure Item 680,526.69,654.22,12247
681,toys_baby,Toys Baby Item 681,335.01,405.47,13560
682,beauty_health,Beauty Health Item 682,19.41,27.85,14871
683,auto_parts,Auto Parts Item 683,777.24,987.15,14799
684,home_furniture,Home Furniture Item 684,1498.63,1903.95,9644
685,auto_parts,Auto Parts Item 685,199.26,254.9,1569
686,sports_leisure,Sports Leisure Item 686,704.18,876.16,4786
687,electronics,Electronics Item 687,857.55,1032.71,5049
688,home_furniture,Home Furniture Item 688,604.76,755.3,8891
689,books_stationery,Books Stationery Item 689,139.46,169.42,2776
690,home_furniture,Home Furniture Item 690,953.17,1265.26,7016
691,fashion_accessories,Fashion Accessories Item 691,59.01,92.94,12057
692,housewares,Housewares Item 692,427.53,554.92,3393
693,electronics,Electronics Item 693,2966.95,3479.95,3930
694,electronics,Electronics Item 694,177.88,204.41,9498
695,auto_parts,Auto Parts Item 695,269.59,346.82,3863
696,electronics,Electronics Item 696,701.79,810.85,7324
697,electronics,Electronics Item 697,2098.16,2469.06,7108
698,books_stationery,Books Stationery Item 698,68.61,82.56,7268
699,housewares,Housewares Item 699,76.9,102.36,10093
700,fashion_accessories,Fashion Accessories Item 700,219.59,330.19,12361
701,electronics,Electronics Item 701,938.32,1081.28,1018
702,electronics,Electronics Item 702,2653.82,3176.76,12137
703,beauty_health,Beauty Health Item 703,160.37,235.48,2895
704,home_furniture,Home Furniture Item 704,413.86,539.58,13082
705,electronics,Electronics Item 705,502.1,575.64,1215
706,auto_parts,Auto Parts Item 706,941.9,1205.35,13160
707,auto_parts,Auto Parts Item 707,958.73,1162.74,11858
708,home_furniture,Home Furniture Item 708,325.01,426.42,4895
709,electronics,Electronics Item 709,1209.57,1400.55,14496
710,toys_baby,Toys Baby Item 710,384.05,460.24,14568
711,beauty_health,Beauty Health Item 711,150.84,224.3,13726
712,computers_tablets,Computers Tablets Item 712,3519.07,3960.5,5361
713,housewares,Housewares Item 713,193.14,260.07,13738
714,sports_leisure,Sports Leisure Item 714,605.28,781.55,919
715,fashion_accessories,Fashion Accessories Item 715,176.54,264.93,14393
716,computers_tablets,Computers Tablets Item 716,1047.9,1178.29,10404
717,home_furniture,Home Furniture Item 717,868.96,1152.27,3047
718,home_furniture,Home Furniture Item 718,1028.07,1349.45,9683
719,books_stationery,Books Stationery Item 719,67.22,78.5,8845
720,fashion_accessories,Fashion Accessories Item 720,78.29,120.52,12215
721,home_furniture,Home Furniture Item 721,480.61,604.5,3174
722,beauty_health,Beauty Health Item 722,170.79,235.44,3152
723,electronics,Electronics Item 723,360.09,433.2,2053
724,beauty_health,Beauty Health Item 724,211.32,290.48,11517
725,fashion_accessories,Fashion Accessories Item 725,185.47,283.14,12269
726,sports_leisure,Sports Leisure Item 726,478.25,615.86,14826
727,electronics,Electronics Item 727,2526.77,3014.44,8041
728,fashion_accessories,Fashion Accessories Item 728,24.74,38.52,3795
729,sports_leisure,Sports Leisure Item 729,272.73,343.17,10248
730,sports_leisure,Sports Leisure Item 730,522.08,637.22,5315
731,toys_baby,Toys Baby Item 731,380.61,451.26,1771
732,home_furniture,Home Furniture Item 732,297.56,381.26,6453
733,toys_baby,Toys Baby Item 733,117.29,143.64,3078
734,home_furniture,Home Furniture Item 734,669.56,844.72,2464
735,electronics,Electronics Item 735,628.52,740.09,11324
736,housewares,Housewares Item 736,268.95,362.84,14026
737,auto_parts,Auto Parts Item 737,1073.04,1365.89,124
738,toys_baby,Toys Baby Item 738,345.88,412.82,4849
739,fashion_accessories,Fashion Accessories Item 739,119.55,191.06,403
740,fashion_accessories,Fashion Accessories Item 740,221.17,340.23,9917
741,beauty_health,Beauty Health Item 741,80.35,112.57,440
742,books_stationery,Books Stationery Item 742,14.5,16.91,11292
743,fashion_accessories,Fashion Accessories Item 743,141.9,215.31,10128
744,books_stationery,Books Stationery Item 744,60.75,72.95,7443
745,beauty_health,Beauty Health Item 745,131.57,194.7,6608
746,fashion_accessories,Fashion Accessories Item 746,182.16,271.72,14479
747,sports_leisure,Sports Leisure Item 747,254.77,312.22,3130
748,beauty_health,Beauty Health Item 748,113.34,159.44,2893
749,home_furniture,Home Furniture Item 749,673.0,840.43,6954
750,electronics,Electronics Item 750,1275.76,1487.88,2422
751,books_stationery,Books Stationery Item 751,33.43,39.76,9483
752,toys_baby,Toys Baby Item 752,81.36,99.89,2017
753,electronics,Electronics Item 753,2702.6,3245.6,12692
754,fashion_accessories,Fashion Accessories Item 754,26.28,40.77,5274
755,books_stationery,Books Stationery Item 755,123.85,144.71,7241
756,home_furniture,Home Furniture Item 756,1139.57,1496.96,10680
757,fashion_accessories,Fashion Accessories Item 757,213.27,335.0,10980
758,books_stationery,Books Stationery Item 758,41.24,48.28,1345
759,fashion_accessories,Fashion Accessories Item 759,79.32,122.2,10689
760,sports_leisure,Sports Leisure Item 760,271.76,332.09,11959
761,electronics,Electronics Item 761,1978.6,2343.25,762
762,electronics,Electronics Item 762,1738.66,2072.55,3777
763,toys_baby,Toys Baby Item 763,79.76,99.59,1471
764,home_furniture,Home Furniture Item 764,302.64,401.9,2932
765,books_stationery,Books Stationery Item 765,72.29,83.84,10958
766,computers_tablets,Computers Tablets Item 766,855.12,942.12,2617
767,housewares,Housewares Item 767,250.68,335.2,6677
768,fashion_accessories,Fashion Accessories Item 768,17.86,28.16,1897
769,beauty_health,Beauty Health Item 769,65.17,93.4,6480
770,fashion_accessories,Fashion Accessories Item 770,93.81,139.6,13810
771,sports_leisure,Sports Leisure Item 771,61.81,76.62,9439
772,computers_tablets,Computers Tablets Item 772,4967.58,5518.73,10557
773,beauty_health,Beauty Health Item 773,62.92,88.47,5462
774,books_stationery,Books Stationery Item 774,162.08,192.56,4716
775,auto_parts,Auto Parts Item 775,500.57,616.96,12311
776,electronics,Electronics Item 776,1419.0,1608.4,4952
777,sports_leisure,Sports Leisure Item 777,111.85,136.14,7245
778,books_stationery,Books Stationery Item 778,41.79,48.12,380
779,fashion_accessories,Fashion Accessories Item 779,32.48,48.99,10122
780,home_furniture,Home Furniture Item 780,405.85,539.95,4710
781,toys_baby,Toys Baby Item 781,373.95,470.39,9411
782,books_stationery,Books Stationery Item 782,126.19,144.5,7817
783,housewares,Housewares Item 783,203.79,278.98,6756
784,beauty_health,Beauty Health Item 784,129.17,186.34,9526
785,toys_baby,Toys Baby Item 785,59.54,70.85,11541
786,home_furniture,Home Furniture Item 786,1325.59,1638.95,3693
787,housewares,Housewares Item 787,206.29,264.9,11375
788,toys_baby,Toys Baby Item 788,305.04,360.46,5798
789,computers_tablets,Computers Tablets Item 789,4096.48,4563.58,3268
790,beauty_health,Beauty Health Item 790,52.72,72.79,5371
791,sports_leisure,Sports Leisure Item 791,262.9,320.91,4102
792,housewares,Housewares Item 792,404.51,541.5,131
793,computers_tablets,Computers Tablets Item 793,3177.72,3452.96,6947
794,housewares,Housewares Item 794,279.32,377.25,9349
795,books_stationery,Books Stationery Item 795,22.65,26.55,8848
796,toys_baby,Toys Baby Item 796,84.65,102.91,7245
797,computers_tablets,Computers Tablets Item 797,4770.96,5189.43,9206
798,auto_parts,Auto Parts Item 798,259.75,334.01,10084
799,computers_tablets,Computers Tablets Item 799,3628.38,4137.1,3439
800,home_furniture,Home Furniture Item 800,835.63,1105.34,1464
801,beauty_health,Beauty Health Item 801,133.91,197.8,8985
802,computers_tablets,Computers Tablets Item 802,4044.16,4575.24,3000
803,fashion_accessories,Fashion Accessories Item 803,42.04,64.28,5092
804,auto_parts,Auto Parts Item 804,146.4,189.73,3210
805,home_furniture,Home Furniture Item 805,922.58,1152.38,14846
806,home_furniture,Home Furniture Item 806,1102.03,1370.6,8956
807,housewares,Housewares Item 807,340.38,444.03,14808
808,home_furniture,Home Furniture Item 808,1258.89,1642.81,1137
809,beauty_health,Beauty Health Item 809,74.85,111.1,12163
810,auto_parts,Auto Parts Item 810,45.66,59.08,8001
811,beauty_health,Beauty Health Item 811,33.89,46.59,12478
812,sports_leisure,Sports Leisure Item 812,284.96,358.4,202
813,sports_leisure,Sports Leisure Item 813,673.68,843.53,14129
814,sports_leisure,Sports Leisure Item 814,210.92,269.1,10277
815,electronics,Electronics Item 815,1817.12,2182.44,2013
816,beauty_health,Beauty Health Item 816,116.38,160.89,9822
817,fashion_accessories,Fashion Accessories Item 817,221.26,344.96,8964
818,toys_baby,Toys Baby Item 818,156.83,191.22,12132
819,sports_leisure,Sports Leisure Item 819,696.36,891.98,2568
820,toys_baby,Toys Baby Item 820,164.89,204.01,13567
821,fashion_accessories,Fashion Accessories Item 821,113.31,169.18,14352
822,fashion_accessories,Fashion Accessories Item 822,225.72,336.04,7443
823,home_furniture,Home Furniture Item 823,1074.49,1387.49,14699
824,auto_parts,Auto Parts Item 824,436.74,534.84,4570
825,sports_leisure,Sports Leisure Item 825,481.35,580.32,7380
826,toys_baby,Toys Baby Item 826,363.7,446.13,10058
827,electronics,Electronics Item 827,903.0,1048.19,12631
828,sports_leisure,Sports Leisure Item 828,311.22,403.82,5089
829,electronics,Electronics Item 829,1378.99,1616.87,8036
830,electronics,Electronics Item 830,137.33,162.89,7592
831,fashion_accessories,Fashion Accessories Item 831,186.04,279.89,5866
832,toys_baby,Toys Baby Item 832,357.37,429.04,4618
833,electronics,Electronics Item 833,1561.9,1855.35,13239
834,beauty_health,Beauty Health Item 834,73.81,104.64,4073
835,fashion_accessories,Fashion Accessories Item 835,122.73,196.88,5725
836,home_furniture,Home Furniture Item 836,1271.04,1634.12,8836
837,electronics,Electronics Item 837,1202.5,1425.75,8844
838,electronics,Electronics Item 838,997.51,1121.55,10011
839,home_furniture,Home Furniture Item 839,1094.32,1436.82,14449
840,electronics,Electronics Item 840,2986.21,3382.26,14642
841,auto_parts,Auto Parts Item 841,222.76,271.12,7615
842,electronics,Electronics Item 842,1277.29,1490.72,14873
843,electronics,Electronics Item 843,2605.71,2963.56,8859
844,housewares,Housewares Item 844,176.39,227.97,3728
845,electronics,Electronics Item 845,2642.83,3088.82,3212
846,housewares,Housewares Item 846,369.92,486.61,5099
847,sports_leisure,Sports Leisure Item 847,412.08,505.14,9848
848,toys_baby,Toys Baby Item 848,119.34,149.41,1836
849,beauty_health,Beauty Health Item 849,92.54,136.48,338
850,home_furniture,Home Furniture Item 850,1613.48,2115.48,308
851,electronics,Electronics Item 851,732.93,863.06,11899
852,fashion_accessories,Fashion Accessories Item 852,188.39,279.56,14658
853,housewares,Housewares Item 853,271.27,365.94,383
854,computers_tablets,Computers Tablets Item 854,5183.74,5716.8,1690
855,beauty_health,Beauty Health Item 855,168.73,234.83,7280
856,auto_parts,Auto Parts Item 856,781.99,1007.5,4920
857,fashion_accessories,Fashion Accessories Item 857,155.03,238.56,7961
858,computers_tablets,Computers Tablets Item 858,4899.23,5499.92,8796
859,beauty_health,Beauty Health Item 859,94.06,136.04,672
860,electronics,Electronics Item 860,1987.18,2263.93,6200
861,housewares,Housewares Item 861,69.93,91.27,4943
862,fashion_accessories,Fashion Accessories Item 862,261.01,388.35,9853
863,computers_tablets,Computers Tablets Item 863,2322.55,2542.35,5718
864,auto_parts,Auto Parts Item 864,659.03,851.18,13510
865,computers_tablets,Computers Tablets Item 865,1082.88,1239.56,6290
866,home_furniture,Home Furniture Item 866,1388.86,1729.61,5739
867,sports_leisure,Sports Leisure Item 867,332.65,415.12,5267
868,computers_tablets,Computers Tablets Item 868,4299.08,4678.27,14110
869,home_furniture,Home Furniture Item 869,1083.26,1371.06,3630
870,computers_tablets,Computers Tablets Item 870,3640.87,3990.84,13094
871,electronics,Electronics Item 871,1568.49,1821.33,6470
872,fashion_accessories,Fashion Accessories Item 872,84.31,133.22,6200
873,sports_leisure,Sports Leisure Item 873,451.14,556.67,1679
874,housewares,Housewares Item 874,369.71,494.31,5220
875,electronics,Electronics Item 875,2438.9,2931.96,4809
876,fashion_accessories,Fashion Accessories Item 876,104.72,155.39,11593
877,housewares,Housewares Item 877,420.69,541.69,12240
878,home_furniture,Home Furniture Item 878,280.24,350.78,1597
879,computers_tablets,Computers Tablets Item 879,609.83,687.54,7838
880,home_furniture,Home Furniture Item 880,1387.29,1731.06,7690
881,beauty_health,Beauty Health Item 881,99.33,139.17,10627
882,beauty_health,Beauty Health Item 882,63.11,88.99,5359
883,toys_baby,Toys Baby Item 883,147.48,177.58,3064
884,beauty_health,Beauty Health Item 884,72.69,105.48,5773
885,electronics,Electronics Item 885,2676.83,3028.38,1994
886,auto_parts,Auto Parts Item 886,413.41,511.71,1476
887,beauty_health,Beauty Health Item 887,23.85,35.33,8768
888,housewares,Housewares Item 888,36.06,47.35,1619
889,home_furniture,Home Furniture Item 889,827.75,1042.71,3873
890,books_stationery,Books Stationery Item 890,114.32,133.15,2412
891,fashion_accessories,Fashion Accessories Item 891,224.34,352.69,14078
892,toys_baby,Toys Baby Item 892,62.81,78.26,7657
893,electronics,Electronics Item 893,1776.22,2094.95,9456
894,beauty_health,Beauty Health Item 894,63.02,92.79,9980
895,home_furniture,Home Furniture Item 895,614.21,786.74,8854
896,electronics,Electronics Item 896,690.03,804.04,7002
897,electronics,Electronics Item 897,2366.32,2788.18,4026
898,housewares,Housewares Item 898,239.76,322.28,3085
899,fashion_accessories,Fashion Accessories Item 899,25.44,39.04,8864
900,housewares,Housewares Item 900,366.58,491.01,5877
901,books_stationery,Books Stationery Item 901,88.38,103.79,257
902,fashion_accessories,Fashion Accessories Item 902,155.92,233.07,11311
903,electronics,Electronics Item 903,654.51,758.16,5109
904,fashion_accessories,Fashion Accessories Item 904,224.79,336.9,5464
905,toys_baby,Toys Baby Item 905,203.82,254.25,8486
906,electronics,Electronics Item 906,1563.07,1864.81,5936
907,fashion_accessories,Fashion Accessories Item 907,135.4,204.39,14343
908,fashion_accessories,Fashion Accessories Item 908,37.68,57.86,12261
909,fashion_accessories,Fashion Accessories Item 909,54.29,85.97,9747
910,computers_tablets,Computers Tablets Item 910,5430.94,5925.54,13430
911,fashion_accessories,Fashion Accessories Item 911,158.38,245.37,14659
912,fashion_accessories,Fashion Accessories Item 912,214.36,322.7,14944
913,fashion_accessories,Fashion Accessories Item 913,163.7,253.6,13048
914,electronics,Electronics Item 914,242.82,273.72,9857
915,beauty_health,Beauty Health Item 915,107.3,154.31,8804
916,computers_tablets,Computers Tablets Item 916,4485.91,5046.16,5676
917,home_furniture,Home Furniture Item 917,1223.18,1573.06,6810
918,sports_leisure,Sports Leisure Item 918,235.57,289.84,10758
919,fashion_accessories,Fashion Accessories Item 919,80.37,128.85,12821
920,beauty_health,Beauty Health Item 920,130.28,193.39,13852
921,sports_leisure,Sports Leisure Item 921,526.95,662.81,7276
922,home_furniture,Home Furniture Item 922,1584.14,2010.98,12799
923,housewares,Housewares Item 923,155.28,210.58,5810
924,books_stationery,Books Stationery Item 924,32.59,38.39,1921
925,housewares,Housewares Item 925,38.4,49.78,7327
926,toys_baby,Toys Baby Item 926,200.17,244.81,10918
927,computers_tablets,Computers Tablets Item 927,4504.56,5120.65,13534
928,electronics,Electronics Item 928,1688.54,1921.53,10068
929,computers_tablets,Computers Tablets Item 929,2660.13,2875.56,335
930,computers_tablets,Computers Tablets Item 930,4112.64,4578.49,4403
931,computers_tablets,Computers Tablets Item 931,4344.23,4922.05,13122
932,computers_tablets,Computers Tablets Item 932,2409.98,2725.09,2719
933,beauty_health,Beauty Health Item 933,90.5,129.54,1459
934,home_furniture,Home Furniture Item 934,437.56,541.39,8753
935,beauty_health,Beauty Health Item 935,156.57,230.56,1969
936,books_stationery,Books Stationery Item 936,102.85,121.95,8155
937,housewares,Housewares Item 937,47.94,66.28,5614
938,beauty_health,Beauty Health Item 938,195.64,268.5,13124
939,sports_leisure,Sports Leisure Item 939,639.67,828.55,11898
940,beauty_health,Beauty Health Item 940,174.66,256.86,7395
941,beauty_health,Beauty Health Item 941,23.58,33.16,9279
942,housewares,Housewares Item 942,414.36,556.27,3721
943,housewares,Housewares Item 943,175.73,236.73,10864
944,fashion_accessories,Fashion Accessories Item 944,136.02,214.22,12462
945,toys_baby,Toys Baby Item 945,408.98,481.56,13799
946,sports_leisure,Sports Leisure Item 946,164.11,207.84,427
947,toys_baby,Toys Baby Item 947,67.46,82.73,12998
948,beauty_health,Beauty Health Item 948,15.41,22.92,8826
949,electronics,Electronics Item 949,1784.46,2071.24,2302
950,sports_leisure,Sports Leisure Item 950,255.89,311.03,11953
951,fashion_accessories,Fashion Accessories Item 951,153.42,240.24,5475
952,housewares,Housewares Item 952,351.66,482.61,11850
953,electronics,Electronics Item 953,974.45,1099.41,2322
954,fashion_accessories,Fashion Accessories Item 954,195.6,292.99,1241
955,computers_tablets,Computers Tablets Item 955,4955.15,5616.2,8798
956,beauty_health,Beauty Health Item 956,89.05,126.15,7306
957,electronics,Electronics Item 957,2116.06,2462.19,9923
958,fashion_accessories,Fashion Accessories Item 958,77.08,117.0,13182
959,sports_leisure,Sports Leisure Item 959,511.66,645.71,9021
960,fashion_accessories,Fashion Accessories Item 960,223.92,352.68,7148
961,electronics,Electronics Item 961,1980.64,2270.11,11006
962,home_furniture,Home Furniture Item 962,1106.74,1459.4,13541
963,fashion_accessories,Fashion Accessories Item 963,157.79,244.29,5950
964,fashion_accessories,Fashion Accessories Item 964,238.54,353.96,4854
965,home_furniture,Home Furniture Item 965,1629.75,2107.82,10913
966,electronics,Electronics Item 966,1621.6,1851.99,8065
967,home_furniture,Home Furniture Item 967,111.85,139.73,9840
968,fashion_accessories,Fashion Accessories Item 968,205.17,312.14,176
969,fashion_accessories,Fashion Accessories Item 969,79.33,118.52,1446
970,fashion_accessories,Fashion Accessories Item 970,81.5,120.58,11647
971,toys_baby,Toys Baby Item 971,48.87,61.36,10314
972,auto_parts,Auto Parts Item 972,548.02,708.89,10497
973,computers_tablets,Computers Tablets Item 973,1938.01,2208.14,10500
974,computers_tablets,Computers Tablets Item 974,2408.28,2634.69,6216
975,auto_parts,Auto Parts Item 975,67.21,85.09,9059
976,electronics,Electronics Item 976,1572.65,1792.89,4426
977,home_furniture,Home Furniture Item 977,760.94,969.76,14144
978,beauty_health,Beauty Health Item 978,33.69,48.69,11182
979,fashion_accessories,Fashion Accessories Item 979,43.49,68.52,3866
980,sports_leisure,Sports Leisure Item 980,559.93,723.05,9526
981,fashion_accessories,Fashion Accessories Item 981,212.17,323.98,6688
982,fashion_accessories,Fashion Accessories Item 982,192.84,308.56,14194
983,sports_leisure,Sports Leisure Item 983,674.13,870.06,9433
984,home_furniture,Home Furniture Item 984,880.34,1151.99,4658
985,computers_tablets,Computers Tablets Item 985,2830.96,3202.14,14373
986,fashion_accessories,Fashion Accessories Item 986,259.44,385.34,11682
987,home_furniture,Home Furniture Item 987,1456.2,1842.64,12365
988,computers_tablets,Computers Tablets Item 988,967.16,1073.97,7530
989,fashion_accessories,Fashion Accessories Item 989,63.32,98.7,7060
990,books_stationery,Books Stationery Item 990,158.08,192.57,13024
991,electronics,Electronics Item 991,1205.97,1435.55,4539
992,books_stationery,Books Stationery Item 992,137.52,156.65,5098
993,auto_parts,Auto Parts Item 993,704.59,898.25,14864
994,electronics,Electronics Item 994,1545.3,1802.95,7361
995,sports_leisure,Sports Leisure Item 995,278.84,348.86,12097
996,home_furniture,Home Furniture Item 996,716.93,937.97,7464
997,electronics,Electronics Item 997,868.23,991.08,238
998,sports_leisure,Sports Leisure Item 998,473.78,575.51,5819
999,home_furniture,Home Furniture Item 999,1387.1,1830.92,479
1000,home_furniture,Home Furniture Item 1000,281.31,350.76,4433
1001,books_stationery,Books Stationery Item 1001,160.32,194.43,1211
1002,sports_leisure,Sports Leisure Item 1002,145.08,186.53,14754
1003,electronics,Electronics Item 1003,226.97,266.75,7476
1004,beauty_health,Beauty Health Item 1004,15.09,22.05,1186
1005,electronics,Electronics Item 1005,2167.45,2519.37,9792
1006,housewares,Housewares Item 1006,132.67,177.82,2714
1007,fashion_accessories,Fashion Accessories Item 1007,265.7,399.19,9124
1008,sports_leisure,Sports Leisure Item 1008,73.03,91.17,10194
1009,fashion_accessories,Fashion Accessories Item 1009,239.23,383.03,2462
1010,books_stationery,Books Stationery Item 1010,98.53,115.64,9723
1011,toys_baby,Toys Baby Item 1011,243.92,290.06,6486
1012,auto_parts,Auto Parts Item 1012,1036.08,1302.36,3453
1013,home_furniture,Home Furniture Item 1013,653.8,871.17,13895
1014,fashion_accessories,Fashion Accessories Item 1014,52.39,79.06,4442
1015,housewares,Housewares Item 1015,312.45,422.46,2924
1016,fashion_accessories,Fashion Accessories Item 1016,41.26,65.46,945
1017,electronics,Electronics Item 1017,1007.26,1173.35,1725
1018,toys_baby,Toys Baby Item 1018,104.48,127.18,2546
1019,beauty_health,Beauty Health Item 1019,100.6,145.62,1018
1020,computers_tablets,Computers Tablets Item 1020,1079.36,1163.24,9841
1021,fashion_accessories,Fashion Accessories Item 1021,211.51,322.16,13249
1022,fashion_accessories,Fashion Accessories Item 1022,48.97,75.83,3320
1023,fashion_accessories,Fashion Accessories Item 1023,155.22,228.89,5653
1024,beauty_health,Beauty Health Item 1024,137.91,189.38,1669
1025,beauty_health,Beauty Health Item 1025,39.18,58.24,9325
1026,auto_parts,Auto Parts Item 1026,54.73,68.22,10181
1027,beauty_health,Beauty Health Item 1027,49.92,73.06,10820
1028,beauty_health,Beauty Health Item 1028,46.93,64.87,8956
1029,housewares,Housewares Item 1029,256.29,348.5,7843
1030,housewares,Housewares Item 1030,300.07,399.95,3141
1031,electronics,Electronics Item 1031,2488.09,2844.29,14356
1032,computers_tablets,Computers Tablets Item 1032,4169.13,4708.8,13081
1033,electronics,Electronics Item 1033,1550.36,1811.53,9064
1034,books_stationery,Books Stationery Item 1034,164.71,193.42,203
1035,beauty_health,Beauty Health Item 1035,74.64,105.79,2470
1036,housewares,Housewares Item 1036,351.13,460.55,12986
1037,computers_tablets,Computers Tablets Item 1037,954.64,1050.94,1621
1038,sports_leisure,Sports Leisure Item 1038,43.1,53.24,3617
1039,computers_tablets,Computers Tablets Item 1039,1700.55,1838.31,12102
1040,computers_tablets,Computers Tablets Item 1040,3796.38,4086.62,4549
1041,fashion_accessories,Fashion Accessories Item 1041,210.96,333.73,7873
1042,housewares,Housewares Item 1042,185.3,237.98,11149
1043,home_furniture,Home Furniture Item 1043,1135.96,1440.09,1646
1044,home_furniture,Home Furniture Item 1044,280.23,356.77,10774
1045,beauty_health,Beauty Health Item 1045,171.11,249.14,494
1046,auto_parts,Auto Parts Item 1046,834.43,1025.38,5751
1047,housewares,Housewares Item 1047,170.65,228.27,1934
1048,fashion_accessories,Fashion Accessories Item 1048,50.04,74.28,11034
1049,electronics,Electronics Item 1049,2873.16,3349.53,13888
1050,electronics,Electronics Item 1050,2442.51,2848.17,6729
1051,auto_parts,Auto Parts Item 1051,836.03,1063.58,13245
1052,beauty_health,Beauty Health Item 1052,95.24,135.81,7111
1053,books_stationery,Books Stationery Item 1053,155.43,183.04,7002
1054,electronics,Electronics Item 1054,1413.65,1703.09,14974
1055,electronics,Electronics Item 1055,1664.58,1910.49,4340
1056,electronics,Electronics Item 1056,2297.29,2659.82,10870
1057,beauty_health,Beauty Health Item 1057,31.19,44.8,9469
1058,electronics,Electronics Item 1058,945.61,1126.78,2240
1059,electronics,Electronics Item 1059,1026.77,1157.6,9459
1060,toys_baby,Toys Baby Item 1060,308.03,387.94,12691
1061,computers_tablets,Computers Tablets Item 1061,5306.69,5854.57,12066
1062,sports_leisure,Sports Leisure Item 1062,592.56,756.9,3875
1063,fashion_accessories,Fashion Accessories Item 1063,82.3,125.88,7457
1064,auto_parts,Auto Parts Item 1064,71.75,87.44,3770
1065,beauty_health,Beauty Health Item 1065,119.27,167.78,7172
1066,home_furniture,Home Furniture Item 1066,1290.66,1594.56,1180
1067,auto_parts,Auto Parts Item 1067,253.98,322.97,11344
1068,computers_tablets,Computers Tablets Item 1068,1064.58,1145.79,14889
1069,fashion_accessories,Fashion Accessories Item 1069,224.86,354.49,132
1070,electronics,Electronics Item 1070,181.12,210.88,4174
1071,books_stationery,Books Stationery Item 1071,125.19,152.6,7529
1072,home_furniture,Home Furniture Item 1072,255.71,315.81,8556
1073,beauty_health,Beauty Health Item 1073,163.59,235.07,1574
1074,electronics,Electronics Item 1074,462.33,549.02,479
1075,beauty_health,Beauty Health Item 1075,188.1,259.64,9401
1076,books_stationery,Books Stationery Item 1076,108.95,131.14,2375
1077,toys_baby,Toys Baby Item 1077,99.31,120.73,13726
1078,beauty_health,Beauty Health Item 1078,115.49,168.94,12007
1079,beauty_health,Beauty Health Item 1079,160.43,220.58,245
1080,beauty_health,Beauty Health Item 1080,160.38,225.26,13905
1081,auto_parts,Auto Parts Item 1081,1101.59,1415.92,9072
1082,fashion_accessories,Fashion Accessories Item 1082,262.67,399.99,765
1083,electronics,Electronics Item 1083,2722.08,3236.55,9758
1084,beauty_health,Beauty Health Item 1084,151.31,211.6,2045
1085,computers_tablets,Computers Tablets Item 1085,4046.88,4421.17,7401
1086,electronics,Electronics Item 1086,395.1,472.01,5315
1087,electronics,Electronics Item 1087,1850.48,2173.83,11475
1088,home_furniture,Home Furniture Item 1088,873.49,1142.65,13286
1089,fashion_accessories,Fashion Accessories Item 1089,260.63,389.79,4356
1090,books_stationery,Books Stationery Item 1090,120.86,137.98,3433
1091,fashion_accessories,Fashion Accessories Item 1091,75.15,114.69,591
1092,beauty_health,Beauty Health Item 1092,86.95,125.02,9885
1093,home_furniture,Home Furniture Item 1093,1008.72,1313.85,14243
1094,fashion_accessories,Fashion Accessories Item 1094,121.42,190.61,1664
1095,electronics,Electronics Item 1095,512.43,612.13,11913
1096,electronics,Electronics Item 1096,520.28,616.59,1600
1097,toys_baby,Toys Baby Item 1097,81.9,97.3,3745
1098,beauty_health,Beauty Health Item 1098,127.91,187.01,118
1099,home_furniture,Home Furniture Item 1099,1577.66,1968.25,8797
1100,fashion_accessories,Fashion Accessories Item 1100,232.58,357.72,11385
1101,fashion_accessories,Fashion Accessories Item 1101,50.63,75.98,5973
1102,sports_leisure,Sports Leisure Item 1102,166.87,205.68,3741
1103,fashion_accessories,Fashion Accessories Item 1103,132.78,195.41,1528
1104,home_furniture,Home Furniture Item 1104,214.43,280.77,2385
1105,beauty_health,Beauty Health Item 1105,78.74,112.96,11349
1106,fashion_accessories,Fashion Accessories Item 1106,34.17,51.04,10447
1107,auto_parts,Auto Parts Item 1107,446.42,538.55,11004
1108,housewares,Housewares Item 1108,182.19,250.6,1096
1109,beauty_health,Beauty Health Item 1109,49.71,68.41,7087
1110,fashion_accessories,Fashion Accessories Item 1110,30.37,45.17,4069
1111,beauty_health,Beauty Health Item 1111,108.01,148.32,11952
1112,housewares,Housewares Item 1112,419.53,546.28,14912
1113,electronics,Electronics Item 1113,2179.91,2612.28,7099
1114,electronics,Electronics Item 1114,399.76,450.06,14918
1115,fashion_accessories,Fashion Accessories Item 1115,147.7,224.63,8255
1116,toys_baby,Toys Baby Item 1116,192.45,231.73,13451
1117,books_stationery,Books Stationery Item 1117,123.35,150.14,4336
1118,fashion_accessories,Fashion Accessories Item 1118,184.68,297.03,5104
1119,sports_leisure,Sports Leisure Item 1119,623.74,808.7,6964
1120,auto_parts,Auto Parts Item 1120,1041.51,1282.63,13620
1121,auto_parts,Auto Parts Item 1121,154.54,187.39,3976
1122,electronics,Electronics Item 1122,1540.63,1822.39,10355
1123,auto_parts,Auto Parts Item 1123,1174.29,1447.14,13950
1124,home_furniture,Home Furniture Item 1124,448.77,577.94,7011
1125,electronics,Electronics Item 1125,3000.32,3497.23,2773
1126,auto_parts,Auto Parts Item 1126,896.97,1142.59,2167
1127,housewares,Housewares Item 1127,313.4,407.54,7522
1128,auto_parts,Auto Parts Item 1128,606.81,778.8,11627
1129,books_stationery,Books Stationery Item 1129,154.9,187.97,12931
1130,fashion_accessories,Fashion Accessories Item 1130,55.28,82.24,1354
1131,auto_parts,Auto Parts Item 1131,758.06,943.46,6797
1132,housewares,Housewares Item 1132,201.36,276.36,4516
1133,books_stationery,Books Stationery Item 1133,59.03,69.29,1419
1134,sports_leisure,Sports Leisure Item 1134,425.31,537.24,6024
1135,electronics,Electronics Item 1135,1278.43,1532.82,13310
1136,beauty_health,Beauty Health Item 1136,112.28,160.17,5037
1137,auto_parts,Auto Parts Item 1137,174.05,214.56,4554
1138,housewares,Housewares Item 1138,151.1,198.41,6969
1139,housewares,Housewares Item 1139,341.64,457.26,1909
1140,home_furniture,Home Furniture Item 1140,611.94,792.91,13919
1141,home_furniture,Home Furniture Item 1141,1297.36,1645.1,5947
1142,home_furniture,Home Furniture Item 1142,1412.13,1745.59,6648
1143,sports_leisure,Sports Leisure Item 1143,225.78,277.71,13508
1144,electronics,Electronics Item 1144,479.68,564.48,10134
1145,beauty_health,Beauty Health Item 1145,52.11,74.76,8803
1146,home_furniture,Home Furniture Item 1146,461.24,608.04,7129
1147,home_furniture,Home Furniture Item 1147,429.11,557.74,13026
1148,fashion_accessories,Fashion Accessories Item 1148,229.33,352.91,3028
1149,toys_baby,Toys Baby Item 1149,229.93,275.91,13229
1150,fashion_accessories,Fashion Accessories Item 1150,22.1,33.7,4354
1151,housewares,Housewares Item 1151,22.32,30.61,13478
1152,electronics,Electronics Item 1152,262.3,296.54,13455
1153,housewares,Housewares Item 1153,148.4,200.38,4670
1154,electronics,Electronics Item 1154,2260.39,2582.79,580
1155,electronics,Electronics Item 1155,1302.53,1494.85,12289
1156,auto_parts,Auto Parts Item 1156,509.8,653.11,4027
1157,beauty_health,Beauty Health Item 1157,33.03,48.13,14391
1158,beauty_health,Beauty Health Item 1158,25.28,34.8,2773
1159,electronics,Electronics Item 1159,2201.48,2491.21,7419
1160,beauty_health,Beauty Health Item 1160,128.91,185.82,910
1161,electronics,Electronics Item 1161,2535.77,2855.42,316
1162,home_furniture,Home Furniture Item 1162,1585.1,2028.25,2013
1163,home_furniture,Home Furniture Item 1163,1303.31,1670.45,1720
1164,beauty_health,Beauty Health Item 1164,104.09,150.66,6898
1165,electronics,Electronics Item 1165,2226.1,2659.87,12513
1166,fashion_accessories,Fashion Accessories Item 1166,236.45,372.74,5912
1167,toys_baby,Toys Baby Item 1167,255.97,318.0,934
1168,toys_baby,Toys Baby Item 1168,120.41,147.73,4767
1169,housewares,Housewares Item 1169,284.22,388.96,5484
1170,housewares,Housewares Item 1170,411.47,554.33,1362
1171,home_furniture,Home Furniture Item 1171,802.65,1007.6,8785
1172,home_furniture,Home Furniture Item 1172,260.36,333.09,2827
1173,beauty_health,Beauty Health Item 1173,142.26,209.28,8662
1174,toys_baby,Toys Baby Item 1174,200.05,249.05,9909
1175,books_stationery,Books Stationery Item 1175,125.48,147.29,6907
1176,electronics,Electronics Item 1176,205.43,242.09,1919
1177,books_stationery,Books Stationery Item 1177,84.61,101.95,2226
1178,computers_tablets,Computers Tablets Item 1178,3647.64,4158.02,9735
1179,sports_leisure,Sports Leisure Item 1179,296.75,370.41,12795
1180,electronics,Electronics Item 1180,707.2,813.18,3814
1181,electronics,Electronics Item 1181,2648.33,3092.33,1837
1182,computers_tablets,Computers Tablets Item 1182,299.69,339.75,9062
1183,electronics,Electronics Item 1183,2203.8,2571.36,12951
1184,fashion_accessories,Fashion Accessories Item 1184,227.6,350.17,341
1185,home_furniture,Home Furniture Item 1185,473.4,624.61,3281
1186,books_stationery,Books Stationery Item 1186,33.07,39.97,3151
1187,home_furniture,Home Furniture Item 1187,1437.35,1827.39,723
1188,books_stationery,Books Stationery Item 1188,72.33,86.12,6365
1189,beauty_health,Beauty Health Item 1189,183.71,257.14,11017
1190,beauty_health,Beauty Health Item 1190,90.67,128.9,11284
1191,fashion_accessories,Fashion Accessories Item 1191,120.6,188.85,4128
1192,beauty_health,Beauty Health Item 1192,198.94,295.11,11519
1193,toys_baby,Toys Baby Item 1193,371.76,441.8,5373
1194,electronics,Electronics Item 1194,464.59,536.72,4985
1195,housewares,Housewares Item 1195,191.25,245.27,258
1196,home_furniture,Home Furniture Item 1196,639.78,851.63,13426
1197,sports_leisure,Sports Leisure Item 1197,543.11,699.49,2664
1198,fashion_accessories,Fashion Accessories Item 1198,66.34,104.46,1943
1199,sports_leisure,Sports Leisure Item 1199,623.93,784.5,4827
1200,beauty_health,Beauty Health Item 1200,74.05,101.99,486
